{"name":"77d81285-6861-4e0a-8000-7e57d3fc91c1","id":"/providers/Microsoft.Flow/flows/77d81285-6861-4e0a-8000-7e57d3fc91c1","type":"Microsoft.Flow/flows","properties":{"apiId":"/providers/Microsoft.PowerApps/apis/shared_logicflows","displayName":"Export Report To File","definition":{"metadata":{"workflowEntityId":null,"processAdvisorMetadata":null,"flowclientsuspensionreason":"None","flowclientsuspensiontime":null,"creator":{"id":"54995a14-fa6e-4071-b50c-9260014f4ff0","type":"User","tenantId":"2f23c5ea-5a75-41f6-922e-d3392313e61d"},"provisioningMethod":"FromDefinition","failureAlertSubscription":true,"clientLastModifiedTime":"2021-11-14T20:14:07.1804548Z"},"$schema":"https://schema.management.azure.com/providers/Microsoft.Logic/schemas/2016-06-01/workflowdefinition.json#","contentVersion":"1.0.0.0","parameters":{"$connections":{"defaultValue":{},"type":"Object"},"$authentication":{"defaultValue":{},"type":"SecureObject"}},"triggers":{"manual":{"metadata":{"operationMetadataId":"967c7c82-4a21-4ae3-9e97-0971727dbe60"},"type":"Request","kind":"PowerAppV2","inputs":{"schema":{"type":"object","properties":{"text":{"title":"WorkspaceId","type":"string","x-ms-dynamically-added":true,"description":"Enter WorkspaceId","x-ms-content-hint":"TEXT"},"text_1":{"title":"ReportId","type":"string","x-ms-dynamically-added":true,"description":"Enter ReportId","x-ms-content-hint":"TEXT"},"text_2":{"title":"ExportFormat","type":"string","x-ms-dynamically-added":true,"description":"Enter ExportFormat","x-ms-content-hint":"TEXT"},"text_3":{"title":"PageName","type":"string","x-ms-dynamically-added":true,"description":"Enter PageName","x-ms-content-hint":"TEXT"}},"required":["text","text_1","text_2","text_3"]}}}},"actions":{"Create_file":{"runAfter":{"FolderPath":["Succeeded"]},"metadata":{"operationMetadataId":"47aeb4d6-6813-4298-bfa4-10361c6d975b"},"type":"OpenApiConnection","inputs":{"host":{"apiId":"/providers/Microsoft.PowerApps/apis/shared_sharepointonline","connectionName":"shared_sharepointonline","operationId":"CreateFile"},"parameters":{"dataset":"https://powerbidevcamp.sharepoint.com/","folderPath":"/ExportedReports/@{outputs('FolderPath')}","name":"@outputs('ExportFileName')","body":"@if(equals(triggerBody()['text_3'], ''), outputs('Export_To_File_for_Power_BI_Report')?['body'],outputs('Export_To_File_for_Power_BI_Report_Page')?['body'])"},"authentication":{"value":"@json(decodeBase64(triggerOutputs().headers['X-MS-APIM-Tokens']))['$ConnectionKey']","type":"Raw"}},"runtimeConfiguration":{"contentTransfer":{"transferMode":"Chunked"}}},"Send_an_email_(V2)":{"runAfter":{"Create_file":["Succeeded"]},"metadata":{"operationMetadataId":"107982e3-3394-4dc5-ae17-6e4d2d59362f"},"type":"OpenApiConnection","inputs":{"host":{"apiId":"/providers/Microsoft.PowerApps/apis/shared_office365","connectionName":"shared_office365","operationId":"SendEmailV2"},"parameters":{"emailMessage/To":"Tedp@powerbidevcamp.net","emailMessage/Subject":"Export complete for ","emailMessage/Body":"<p>Exported file is now available.<br>\nID: @{outputs('Create_file')?['body/Id']}<br>\nName: @{outputs('Create_file')?['body/Name']}<br>\nDisplay Name: @{outputs('Create_file')?['body/DisplayName']}<br>\nPath: @{outputs('Create_file')?['body/Path']}<br>\nMedia Type: @{outputs('Create_file')?['body/MediaType']}<br>\nFile Locator:@{outputs('Create_file')?['body/FileLocator']}</p>"},"authentication":{"value":"@json(decodeBase64(triggerOutputs().headers['X-MS-APIM-Tokens']))['$ConnectionKey']","type":"Raw"}}},"Condition":{"actions":{"Export_To_File_for_Power_BI_Report":{"runAfter":{},"metadata":{"operationMetadataId":"0e289a53-ca7a-453a-bc05-116d935a7880"},"type":"OpenApiConnection","inputs":{"host":{"apiId":"/providers/Microsoft.PowerApps/apis/shared_powerbi","connectionName":"shared_powerbi","operationId":"InitiateExportToFileForPbiReports"},"parameters":{"groupid":"@triggerBody()['text']","reportid":"@triggerBody()['text_1']","ExportPayloadPowerBIReport/format":"@triggerBody()['text_2']"},"authentication":{"value":"@json(decodeBase64(triggerOutputs().headers['X-MS-APIM-Tokens']))['$ConnectionKey']","type":"Raw"}}}},"runAfter":{"ExportFileName":["Succeeded"]},"else":{"actions":{"Export_To_File_for_Power_BI_Report_Page":{"runAfter":{},"metadata":{"operationMetadataId":"0e289a53-ca7a-453a-bc05-116d935a7880"},"type":"OpenApiConnection","inputs":{"host":{"apiId":"/providers/Microsoft.PowerApps/apis/shared_powerbi","connectionName":"shared_powerbi","operationId":"InitiateExportToFileForPbiReports"},"parameters":{"groupid":"@triggerBody()['text']","reportid":"@triggerBody()['text_1']","ExportPayloadPowerBIReport/format":"@triggerBody()['text_2']","ExportPayloadPowerBIReport/PowerBIReportExportConfiguration/pages":[{"pageName":"@triggerBody()['text_3']"}]},"authentication":{"value":"@json(decodeBase64(triggerOutputs().headers['X-MS-APIM-Tokens']))['$ConnectionKey']","type":"Raw"}}}}},"expression":{"equals":["@triggerBody()['text_3']",""]},"metadata":{"operationMetadataId":"3b9efe4d-0339-45d8-85bc-b9b6a68a93f3"},"type":"If"},"WorkspaceName":{"runAfter":{},"metadata":{"operationMetadataId":"2d171952-78dd-4b2d-94a6-23a5b401be5c"},"type":"Compose","inputs":"foo"},"ExportFileName":{"runAfter":{"WorkspaceName":["Succeeded"]},"metadata":{"operationMetadataId":"aaf68645-a6f2-43c6-9e59-fe63a9c8e8a5"},"type":"Compose","inputs":"bar.@{triggerBody()['text_2']}"},"DateString":{"runAfter":{"Condition":["Succeeded"]},"metadata":{"operationMetadataId":"7b9fe5f3-decd-4fca-828a-dff5234ad3c8"},"type":"Compose","inputs":"@formatDateTime(addHours(utcNow(), -5), 'yyyy-MM-dd')"},"FolderPath":{"runAfter":{"DateString":["Succeeded"]},"metadata":{"operationMetadataId":"ab5880ef-eb5b-415c-b27f-13bda4c4df9e"},"type":"Compose","inputs":"@{outputs('WorkspaceName')}/@{outputs('DateString')}"}},"outputs":{}},"connectionReferences":{"shared_sharepointonline":{"connectionName":"shared-sharepointonl-7750452d-0b36-4a35-a814-fe4c-eb22b00c","source":"Invoker","id":"/providers/Microsoft.PowerApps/apis/shared_sharepointonline","tier":"NotSpecified"},"shared_office365":{"connectionName":"shared-office365-d2b72ab5-ff66-4af0-a2d8-af54-39657138","source":"Invoker","id":"/providers/Microsoft.PowerApps/apis/shared_office365","tier":"NotSpecified"},"shared_powerbi":{"connectionName":"shared-powerbi-122dbb43-8d17-4bf2-8d74-e0f6-31467d1c","source":"Invoker","id":"/providers/Microsoft.PowerApps/apis/shared_powerbi","tier":"NotSpecified"}},"flowFailureAlertSubscribed":false}}