<ImportExportXml xmlns:xsi="http://www.w3.org/2001/XMLSchema-instance">
  <Entities></Entities>
  <Roles></Roles>
  <Workflows>
    <Workflow WorkflowId="{5c97f69b-1b3c-ec11-b6e5-000d3a5b2d35}" Name="Export Power BI Report To File">
      <JsonFileName>/Workflows/ExportPowerBIReportToFile-5C97F69B-1B3C-EC11-B6E5-000D3A5B2D35.json</JsonFileName>
      <Type>1</Type>
      <Subprocess>0</Subprocess>
      <Category>5</Category>
      <Mode>0</Mode>
      <Scope>4</Scope>
      <OnDemand>0</OnDemand>
      <TriggerOnCreate>0</TriggerOnCreate>
      <TriggerOnDelete>0</TriggerOnDelete>
      <AsyncAutodelete>0</AsyncAutodelete>
      <SyncWorkflowLogOnFailure>0</SyncWorkflowLogOnFailure>
      <StateCode>1</StateCode>
      <StatusCode>2</StatusCode>
      <RunAs>1</RunAs>
      <IsTransacted>1</IsTransacted>
      <IntroducedVersion>1.0.0.0</IntroducedVersion>
      <IsCustomizable>1</IsCustomizable>
      <BusinessProcessType>0</BusinessProcessType>
      <IsCustomProcessingStepAllowedForOtherPublishers>1</IsCustomProcessingStepAllowedForOtherPublishers>
      <PrimaryEntity>none</PrimaryEntity>
      <LocalizedNames>
        <LocalizedName languagecode="1033" description="Export Power BI Report To File" />
      </LocalizedNames>
    </Workflow>
  </Workflows>
  <FieldSecurityProfiles></FieldSecurityProfiles>
  <Templates />
  <EntityMaps />
  <EntityRelationships />
  <OrganizationSettings />
  <optionsets />
  <CustomControls />
  <EntityDataProviders />
  <CanvasApps>
    <CanvasApp>
      <Name>dcdemo_powerbireportexporter_3919d</Name>
      <AppVersion>2021-11-18T03:51:05Z</AppVersion>
      <Status>Ready</Status>
      <CreatedByClientVersion>3.21111.35.0</CreatedByClientVersion>
      <MinClientVersion>3.21111.35.0</MinClientVersion>
      <Tags>{"primaryDeviceWidth":"1366","primaryDeviceHeight":"768","sienaVersion":"d7db7b39-8e63-4fab-8fad-31bf2131ed40","deviceCapabilities":"","supportsPortrait":"true","supportsLandscape":"true","primaryFormFactor":"Tablet","publisherVersion":"3.21111.35","minimumRequiredApiVersion":"2.2.0","hasComponent":"false","hasUnlockedComponent":"false","isUnifiedRootApp":"false"}</Tags>
      <IsCdsUpgraded>0</IsCdsUpgraded>
      <GalleryItemId xsi:nil="true"></GalleryItemId>
      <BackgroundColor>rgba(255, 191, 0, 1)</BackgroundColor>
      <DisplayName>Power BI Report Exporter</DisplayName>
      <Description xsi:nil="true"></Description>
      <CommitMessage xsi:nil="true"></CommitMessage>
      <Publisher xsi:nil="true"></Publisher>
      <AuthorizationReferences>[]</AuthorizationReferences>
      <ConnectionReferences>{"a5d57f0c-688b-4117-ad5b-8292f516ca79":{"id":"/providers/microsoft.powerapps/apis/shared_dcdemo-5fpowerbi-5fefba7ccbc5f5860e","displayName":"PowerBi","iconUri":"https://prodapiicons.cdn.powerappscdn.net/20211102t000000ze4a0315b162741cb96edafcd71b0b66b/customconnectoricon.png","dataSources":["PowerBi"],"dependencies":[],"dependents":["607ac61c-e3a7-46a6-861e-11790ffcfa3e"],"parameterHints":{},"parameterHintsV2":{},"isOnPremiseConnection":false,"bypassConsent":false,"dataSets":{},"apiTier":"Standard","actions":["GetWorkspaces","GetReportsInGroup","GetPagesInReport"],"customApiLogicalName":"dcdemo_5Fpowerbi","isCustomApiSolutionAware":true},"607ac61c-e3a7-46a6-861e-11790ffcfa3e":{"id":"/providers/microsoft.powerapps/apis/shared_logicflows","displayName":"Logic flows","iconUri":"https://connectoricons-prod.azureedge.net/releases/v1.0.1534/1.0.1534.2605/logicflows/icon.png","dataSources":["ExportPowerBIReportToFile"],"dependencies":["90166634-6fbb-4160-95fc-33d24fead1d0","4a6b188c-8465-4f35-a16b-27644d6d229d","f5665129-10ce-4162-9204-6943c0506db1","a5d57f0c-688b-4117-ad5b-8292f516ca79"],"dependents":[],"parameterHints":{"workflowName":{"value":"f837b9fd-c645-4378-90f3-da9c0acbc693"},"workflowEntityId":{"value":"5c97f69b-1b3c-ec11-b6e5-000d3a5b2d35"},"90166634-6fbb-4160-95fc-33d24fead1d0":{"value":"shared_sharepointonline"},"4a6b188c-8465-4f35-a16b-27644d6d229d":{"value":"shared_office365"},"f5665129-10ce-4162-9204-6943c0506db1":{"value":"shared_powerbi"},"a5d57f0c-688b-4117-ad5b-8292f516ca79":{"value":"shared_dcdemo-5fpowerbi-5fefba7ccbc5f5860e"}},"parameterHintsV2":{"workflowName":{"value":"f837b9fd-c645-4378-90f3-da9c0acbc693"},"workflowEntityId":{"value":"5c97f69b-1b3c-ec11-b6e5-000d3a5b2d35"},"shared_sharepointonline":{"value":"90166634-6fbb-4160-95fc-33d24fead1d0"},"shared_office365":{"value":"4a6b188c-8465-4f35-a16b-27644d6d229d"},"shared_powerbi":{"value":"f5665129-10ce-4162-9204-6943c0506db1"},"shared_dcdemo-5fpowerbi-5fefba7ccbc5f5860e":{"value":"a5d57f0c-688b-4117-ad5b-8292f516ca79"}},"isOnPremiseConnection":false,"bypassConsent":false,"dataSets":{},"apiTier":"Standard","actions":["Run"],"isCustomApiSolutionAware":false},"90166634-6fbb-4160-95fc-33d24fead1d0":{"id":"/providers/microsoft.powerapps/apis/shared_sharepointonline","displayName":"SharePoint","iconUri":"https://connectoricons-prod.azureedge.net/releases/v1.0.1533/1.0.1533.2600/sharepointonline/icon.png","dataSources":[],"dependencies":[],"dependents":["607ac61c-e3a7-46a6-861e-11790ffcfa3e"],"parameterHints":{},"parameterHintsV2":{},"isOnPremiseConnection":false,"bypassConsent":false,"dataSets":{},"apiTier":"Standard","isCustomApiSolutionAware":false},"4a6b188c-8465-4f35-a16b-27644d6d229d":{"id":"/providers/microsoft.powerapps/apis/shared_office365","displayName":"Office 365 Outlook","iconUri":"https://connectoricons-prod.azureedge.net/releases/v1.0.1535/1.0.1535.2607/office365/icon.png","dataSources":[],"dependencies":[],"dependents":["607ac61c-e3a7-46a6-861e-11790ffcfa3e"],"parameterHints":{},"parameterHintsV2":{},"isOnPremiseConnection":false,"bypassConsent":false,"dataSets":{},"apiTier":"Standard","isCustomApiSolutionAware":false},"f5665129-10ce-4162-9204-6943c0506db1":{"id":"/providers/microsoft.powerapps/apis/shared_powerbi","displayName":"Power BI","iconUri":"https://connectoricons-prod.azureedge.net/releases/v1.0.1536/1.0.1536.2611/powerbi/icon.png","dataSources":[],"dependencies":[],"dependents":["607ac61c-e3a7-46a6-861e-11790ffcfa3e"],"parameterHints":{},"parameterHintsV2":{},"isOnPremiseConnection":false,"bypassConsent":false,"dataSets":{},"apiTier":"Standard","isCustomApiSolutionAware":false}}</ConnectionReferences>
      <DatabaseReferences>{}</DatabaseReferences>
      <AppComponents>[]</AppComponents>
      <AppComponentDependencies>[]</AppComponentDependencies>
      <CanConsumeAppPass>1</CanConsumeAppPass>
      <CanvasAppType>0</CanvasAppType>
      <BypassConsent>0</BypassConsent>
      <AdminControlBypassConsent>0</AdminControlBypassConsent>
      <EmbeddedApp xsi:nil="true"></EmbeddedApp>
      <IntroducedVersion>1.0</IntroducedVersion>
      <CdsDependencies>{"cdsdependencies":[{"logicalname":"dcdemo_5Fpowerbi","componenttype":372,"componenttypeplatformname":"connector"}]}</CdsDependencies>
      <IsCustomizable>1</IsCustomizable>
      <BackgroundImageUri>/CanvasApps/dcdemo_powerbireportexporter_3919d_BackgroundImageUri</BackgroundImageUri>
      <DocumentUri>/CanvasApps/dcdemo_powerbireportexporter_3919d_DocumentUri.msapp</DocumentUri>
    </CanvasApp>
  </CanvasApps>
  <Connectors>
    <Connector>
      <connectorid>11754325-f286-4d53-897b-f936307bb724</connectorid>
      <description></description>
      <displayname>PowerBi</displayname>
      <iconbrandcolor>#007ee5</iconbrandcolor>
      <name>dcdemo_5Fpowerbi</name>
      <connectortype>1</connectortype>
      <openapidefinition>/Connector/dcdemo_5Fpowerbi_openapidefinition.json</openapidefinition>
      <connectionparameters>/Connector/dcdemo_5Fpowerbi_connectionparameters.json</connectionparameters>
      <policytemplateinstances>/Connector/dcdemo_5Fpowerbi_policytemplateinstances.json</policytemplateinstances>
      <iconblob>/Connector/dcdemo_5Fpowerbi_iconblob.Png</iconblob>
    </Connector>
  </Connectors>
  <Languages>
    <Language>1033</Language>
  </Languages>
</ImportExportXml>