{"token":{"type":"oauthSetting","oAuthSettings":{"identityProvider":"aad","clientId":"8a6b2a6e-28e4-4287-bdb4-b3929d45bc45","scopes":["Content.Create Dashboard.ReadWrite.All Report.ReadWrite.All Dataset.ReadWrite.All Dataflow.ReadWrite.All Workspace.ReadWrite.All Capacity.ReadWrite.All Gateway.ReadWrite.All StorageAccount.ReadWrite.All"],"redirectMode":"Global","redirectUrl":"https://global.consent.azure-apim.net/redirect","properties":{"IsFirstParty":"False","AzureActiveDirectoryResourceId":"https://analysis.windows.net/powerbi/api","IsOnbehalfofLoginSupported":true},"customParameters":{"loginUri":{"value":"https://login.windows.net"},"tenantId":{"value":"common"},"resourceUri":{"value":"https://analysis.windows.net/powerbi/api"},"enableOnbehalfOfLogin":{"value":"false"}}}},"token:TenantId":{"type":"string","metadata":{"sourceType":"AzureActiveDirectoryTenant"},"uiDefinition":{"constraints":{"required":"false","hidden":"true"}}}}